Workbook

Sheet 개발 일정표
B2: 팀 프로젝트 개발 일정표
B4: 전체 작업 | C4: 완료된 작업 | D4: 진행률 | F4: 송태현 | G4: 조종현 | H4: 구영주 | I4: 김현서
B5: =COUNTA(C7:C80) -> 74 | C5: =COUNTIF(I7:I80,"완료") -> 70 | D5: =IF(B5=0,0,C5/B5) -> 0.94594595
B6: 분류 | C6: 항목 | D6: 기능 | E6: 상세기능 | F6: 시작일 | G6: 종료일 | H6: 담당자 | I6: 상태 | J6: 비고 | K6: 6/29 | L6: 6/30 | M6: 7/1 | N6: 7/2 | O6: 7/3 | P6: 7/4 | Q6: 7/5 | R6: 7/6 | S6: 7/7 | T6: 7/8 | U6: 7/9 | V6: 7/10 | W6: 7/11 | X6: 7/12 | Y6: 7/13 | Z6: 7/14 | AA6: 7/15 | AB6: 7/16 | AC6: 7/17 | AD6: 7/18 | AE6: 7/19 | AF6: 7/20 | AG6: 7/21 | AH6: 7/22 | AI6: 7/23 | AJ6: 7/24 | AK6: 7/25 | AL6: 7/26 | AM6: 7/27 | AN6: 7/28 | AO6: 7/29 | AP6: 7/30 | AQ6: 7/31 | AR6: 8/1 | AS6: 8/2 | AT6: 8/3 | AU6: 8/4 | AV6: 8/5
B7: 공통/인프라 | C7: 프로젝트 초기 구성 | D7: 리포지토리 및 기본 골격 | E7: Spring Boot(MyBatis) + React(Vite) 초기 프로젝트 구성 | F7: 46202 | G7: 46204 | H7: 조종현 | I7: 완료
B8: 계정 관리 | C8: 회원가입/로그인 | D8: 로그인 화면 및 인증 | E8: 로그인 폼 제작 및 로그인 API 연동 | F8: 46204 | G8: 46205 | H8: 조종현 | I8: 완료
B9: 기획/QA | C9: 요구사항 정의 | D9: 요구사항 정리표 작성 | E9: 기능 요구사항 목록·중요도·권한 정리 | F9: 46204 | G9: 46209 | H9: 송태현 | I9: 완료 | J9: 커밋 이력 없음(문서 산출물)
B10: 계정 관리 | C10: 회원가입/로그인 | D10: access토큰 | E10: JWT 토큰 발급·저장·검증(JwtUtill) | F10: 46205 | G10: 46206 | H10: 조종현 | I10: 완료
B11: 공통/인프라 | C11: 라우팅 | D11: 역할 경로 분리 | E11: /fitb(B2B)·/fitc(B2C) 라우터 및 레이아웃 분리 | F11: 46205 | G11: 46206 | H11: 조종현 | I11: 완료
B12: 물품관리 | C12: 입력 폼 제작 | D12: 물품 데이터 입력 기능 | E12: 사장님이 물품의 정보를 기입할 수 있는 폼 제공 | F12: 46205 | G12: 46206 | H12: 송태현 | I12: 완료
B13: 물품관리 | C13: 물품관리 리스트 | D13: 물품관리 탭 요청 시 페이지 | E13: 메인 페이지에서 물품관리 버튼 클릭 시 제공하는 리스트 페이지 | F13: 46205 | G13: 46206 | H13: 송태현 | I13: 완료
B14: 물품관리 | C14: 물품관리 CRUD | D14: 입력·조회·수정·삭제 기능 | E14: h_item 테이블 CRUD 기능 및 디테일 정렬 | F14: 46206 | G14: 46209 | H14: 송태현 | I14: 완료
B15: B2C메뉴 | C15: 마이페이지 | D15: B2C·B2B 건의사항 | E15: 마이페이지 내 건의사항탭(전송, 내역, 처리상태) | F15: 46206 | G15: 46216 | H15: 조종현 | I15: 완료
B16: 계약 관리 | C16: 계약 도메인 구축 | D16: 계약서 리스트·작성·상세 화면 | E16: 계약서 리스트/작성 폼/상세 뷰어 구현, 유형별 조건부 입력 필드 | F16: 46206 | G16: 46209 | H16: 구영주 | I16: 완료 | J16: Contractpage·ContractNew·ContractDetail
B17: 정산관리 | C17: 정산 관리 리스트 | D17: 사장님 지출 입력 기능 | E17: 각 사장님이 사용한 지출내역 입력폼(h_expense) | F17: 46209 | G17: 46210 | H17: 송태현 | I17: 완료
B18: 회원 관리 | C18: 모델 입력 데이터 | D18: h_model_data 생성 | E18: 나이·방문횟수·운동시간·혼잡도 등 예측 피처 적재 | F18: 46209 | G18: 46211 | H18: 김현서 | I18: 완료
B19: 프로모션 | C19: 이탈율 예측 모델 | D19: 이탈율·이탈이유(불만이유) 예측 모델 생성 | E19: 이탈율이 얼마인지, 가장 큰 영향을 미치는 요소가 무엇인지 도출 | F19: 46209 | G19: 46216 | H19: 김현서 | I19: 완료
B20: 회원 관리 | C20: 설문 | D20: 회원 설문(NPS) 수집 | E20: h_survey 항목별 점수 및 부상 정보 수집 | F20: 46209 | G20: 46216 | H20: 김현서 | I20: 완료
B21: 프로모션 | C21: 이탈 예측 서빙 | D21: FastAPI·Streamlit 연동 | E21: healthModel 서비스화 및 Supabase 직접 조회 | F21: 46209 | G21: 46217 | H21: 김현서 | I21: 완료
B22: B2C메뉴 | C22: 마이페이지 | D22: 멤버십 조회 | E22: 보유 회원권 종류·이용 기간·잔여일 확인 | F22: 46209 | G22: 46218 | H22: 조종현 | I22: 완료
B23: 프로모션 | C23: 예측 결과 적재 | D23: h_churn_result 저장 | E23: 이탈확률·top1~3 이탈요인을 일자별 이력으로 누적 | F23: 46209 | G23: 46226 | H23: 김현서 | I23: 완료
B24: 회원 관리 | C24: 자동 회원가입 | D24: 미가입 수신자 자동가입 | E24: 계약 서명 시 autoJoin 호출(서명 트랜잭션 내 처리) | F24: 46210 | G24: 46210 | H24: 조종현 | I24: 완료
B25: 출석관리 | C25: 출석 체크 | D25: 체크인 기록 저장 | E25: 헬스장 방문 시 h_check_inout 기록(이탈 예측 기초 데이터) | F25: 46210 | G25: 46212 | H25: 조종현 | I25: 완료
B26: 정산관리 | C26: 커미션 | D26: 관계사 커미션 집계 | E26: 월별 커미션 생성·조회(h_settlement) | F26: 46210 | G26: 46216 | H26: 송태현 | I26: 완료
B27: 계약 관리 | C27: 계약 도메인 구축 | D27: 데이터 모델 정비 | E27: 생년월일·하루 평균 운동시간(시/분 분리) 필드 추가, 날짜 타입 String→LocalDate 전환, 패키지 user→contract 정리 | F27: 46210 | G27: 46210 | H27: 구영주 | I27: 완료 | J27: 백엔드 4계층(Controller/Service/Mapper/XML)
B28: 물품관리 | C28: 리스트 부가기능 | D28: 페이징·정렬·CSV 내보내기 | E28: 페이저 클래스 적용, 정렬 옵션, 물품 리스트 CSV export | F28: 46211 | G28: 46211 | H28: 송태현 | I28: 완료
B29: 공통/인프라 | C29: 알림 | D29: 알림 라인·헤더 알림 | E29: h_alarm 목록 조회 및 읽음 처리 | F29: 46211 | G29: 46216 | H29: 조종현 | I29: 완료
B30: 계약 관리 | C30: 계약 도메인 구축 | D30: 미가입 수신자 자동가입 | E30: 서명 완료 시 자동 회원가입 호출, 서명-가입 단일 트랜잭션(실패 시 함께 롤백) | F30: 46211 | G30: 46211 | H30: 구영주 | I30: 완료 | J30: @Transactional 체인
B31: 대시보드 | C31: 도메인 구축 | D31: 위젯 시스템 신설 | E31: 대시보드 4계층 신설, 테넌트 격리(role 정규화), 위젯 활성화 정책(데이터 有 기본 켜짐·소실 시 잠금), 차트 쿼리 안정화 | F31: 46211 | G31: 46211 | H31: 구영주 | I31: 완료 | J31: 사용자별 위젯 설정 저장
B32: 쿠폰/프로모션 | C32: 쿠폰 관리 | D32: 쿠폰 종류 등록·발급 | E32: h_coupon_type 정의 및 h_coupon 발급, 중복 발급 방지 | F32: 46212 | G32: 46223 | H32: 조종현 | I32: 완료
B33: 프로모션 | C33: 이탈 분석 화면 | D33: B2B 이탈 분석 리스트 | E33: 이탈 위험 회원 리스트·상세(B2B 마이페이지) | F33: 46212 | G33: 46225 | H33: 김현서 | I33: 완료
B34: 공통/인프라 | C34: 알림 | D34: 도메인 이벤트 알림 발송 | E34: 물품·정산·결제 이벤트 알림 발송 연동 | F34: 46212 | G34: 46226 | H34: 송태현 | I34: 완료
B35: 계약 관리 | C35: 계약 도메인 구축 | D35: 검증용 시드 데이터 구축 | E35: 발행 API로 계약 75건 적재, 상태·날짜 정합화, 출석 358건·설문 49건 생성, 정합성 검증 쿼리 4종 | F35: 46212 | G35: 46212 | H35: 구영주 | I35: 완료 | J35: 대시보드·이탈모델 검증용
B36: 대시보드 | C36: 도메인 구축 | D36: 집계·라우트 보강 | E36: Service·Mapper 집계 로직 보강, 대시보드 라우트 추가, 시드 데이터로 위젯 검증 | F36: 46212 | G36: 46212 | H36: 구영주 | I36: 완료
B37: 결제 관리 | C37: 결제 페이지 | D37: 계약 결제 처리 | E37: 계약 서명 후 결제(h_pay/h_payment), 할부·쿠폰 적용 | F37: 46213 | G37: 46217 | H37: 송태현 | I37: 완료
B38: 계약 관리 | C38: 계약 도메인 구축 | D38: 발행→서명→결제 동선 | E38: 회원 계약서 발행·서명 흐름 보완, 결제 라우트 연결 | F38: 46213 | G38: 46217 | H38: 구영주 | I38: 완료
B39: 쿠폰/프로모션 | C39: 쿠폰 관리 | D39: 쿠폰 상태 스케줄링 | E39: 미사용/사용완료/유효기간만료 상태 자동 갱신 | F39: 46216 | G39: 46223 | H39: 조종현 | I39: 완료
B40: 정산관리 | C40: 매출 | D40: 결제 기반 매출 집계 | E40: 매출·지출·순이익 집계 및 정산 페이지 반영 | F40: 46216 | G40: 46225 | H40: 송태현 | I40: 완료
B41: AI 비서 | C41: Phase 0~1 구축 | D41: AI 도메인·오케스트레이터 | E41: AI 패키지 신설(오케스트레이터·도구 화이트리스트·role 게이팅·감사 로그), Anthropic API(Tool Use) 멀티턴 루프, SSE 스트리밍, ERD 3종, 프론트 챗 패널 | F41: 46216 | G41: 46216 | H41: 구영주 | I41: 완료 | J41: 21파일 +1,851줄
B42: 계정 관리 | C42: 회원가입/로그인 | D42: refresh토큰 | E42: 토큰 발급·저장·검증(h_refresh_token), 로그아웃 시 소거 | F42: 46217 | G42: 46217 | H42: 조종현 | I42: 완료
B43: 결제 관리 | C43: 결제 페이지 | D43: 쿠폰 필터 적용 | E43: 결제 시 적용 가능한 쿠폰만 필터링해 노출 | F43: 46217 | G43: 46217 | H43: 송태현 | I43: 완료
B44: 프로모션 | C44: 체험권 | D44: 이탈 대상 체험권 발급 연계 | E44: churn_status 기반 체험권 대상 선정 및 발급 | F44: 46217 | G44: 46217 | H44: 김현서 | I44: 완료
B45: 출석관리 | C45: 출석 키오스크 | D45: 출석 체크 화면 | E45: /fitc/attendance 키오스크 화면 및 출석 저장 | F45: 46217 | G45: 46218 | H45: 송태현 | I45: 완료
B46: 계정 관리 | C46: 회원가입/로그인 | D46: 패스워드 암호화 | E46: PasswordEncoder 적용 및 계정정보 수정 반영 | F46: 46218 | G46: 46218 | H46: 조종현 | I46: 완료
B47: 회원 관리 | C47: 회원/직원 관리 | D47: 권한별 유저 페이지 | E47: ADMIN/OWNER/TRAINER 유저 관리 화면 구성 | F47: 46218 | G47: 46225 | H47: 송태현 | I47: 완료
B48: 계약 관리 | C48: 계약 유형 확장 | D48: 이용권(3)·PT(4) 통합 + PT 체험(5) 신설 | E48: 통합 발행폼, quantity 기반 서버 유형 판정, 체험권 대상 목록 화면, 쿠폰 기반 중복 발행 차단, 임금계약(2) 재작성=UPDATE 규칙, 만료 표현 status 일원화 | F48: 46218 | G48: 46224 | H48: 구영주 | I48: 완료 | J48: 계약 유형 1~5 체계 확정
B49: AI 비서 | C49: Phase 0~1 구축 | D49: READ 도구 9종 바인딩 | E49: 계약·명단·대시보드·매출/지출·건의·이탈예측·설문 조회 도구, JWT 기반 테넌트 정보 강제 주입(LLM 인자 폐기) | F49: 46218 | G49: 46219 | H49: 구영주 | I49: 완료 | J49: OWNER READ MVP
B50: 대시보드 | C50: 역할별 개편 | D50: 역할별 기본 위젯 세트 | E50: ADMIN/OWNER/TRAINER 기본 위젯 세트 차등, 데이터 없음 잠금·자동 해제 | F50: 46219 | G50: 46219 | H50: 구영주 | I50: 완료
B51: 기획/QA | C51: QA 계획 수립 | D51: 전체 QA 실행 계획서 작성 | E51: 3모듈(프론트·백엔드·모델)+실 DB+브라우저 E2E 범위 확정, 판정 기준(P0~P2)·소스 무수정 원칙·문서 우선순위 정의, 195개 시나리오 체크리스트 | F51: 46219 | G51: 46219 | H51: 구영주 | I51: 완료 | J51: QA_PLAN.md
B52: 기획/QA | C52: 전체 QA 실행 | D52: 빌드·기동·실 DB 검증 | E52: 프론트 빌드/린트, 백엔드 Gradle 빌드·테스트·서버 기동, FastAPI 기동, 실 DB read-only 정합성 조회, 승인 하에 임시 데이터 CRUD 검증 후 전량 정리(잔존 0건) | F52: 46219 | G52: 46220 | H52: 구영주 | I52: 완료
B53: 기획/QA | C53: 전체 QA 실행 | D53: 보안·권한·테넌트 격리 검증 | E53: 무인증 조회(모델 입력·설문·이탈 결과), 역할 우회 호출, 타 지점 데이터 접근, 프론트 라우트 가드 부재 등 P0 2건 포함 이슈 도출 | F53: 46219 | G53: 46220 | H53: 구영주 | I53: 완료 | J53: 운영 배포 부적합 판정 근거
B54: 기획/QA | C54: 전체 QA 실행 | D54: 브라우저 E2E (4역할) | E54: ADMIN·OWNER·TRAINER·MEMBER 실제 로그인·주요 화면·반응형·콘솔 검증, 계약·결제·지출·PT 화면 데이터 반영 확인 | F54: 46219 | G54: 46220 | H54: 구영주 | I54: 완료
B55: AI 비서 | C55: Phase 1.5 | D55: 프리뷰 게이트 | E55: ADMIN·TRAINER UI 노출 + 서버 게이트 차단(LLM 미호출·크레딧 소모 0), 크레딧 소진 고정 문구·ADMIN 알림, API 키 .env 주입 전환 | F55: 46223 | G55: 46223 | H55: 구영주 | I55: 완료
B56: 공통/UI | C56: UI 리뉴얼 착수 | D56: 토큰·셸 기획 | E56: 디자인 가이드·토큰 기획 문서 정비, LNB·공통 내비 설정 골격, 물품 화면 슬림화 | F56: 46223 | G56: 46223 | H56: 구영주 | I56: 완료
B57: 기획/QA | C57: 모델 QA 재실행 | D57: 이탈 모델 검증·보고서 갱신 | E57: Miniconda 환경 재구축, FastAPI 배치→DB→Spring 통계→OWNER 화면 연동 일치 확인, 추론 품질(등급·분포·재현성) 검증, 191/195 시나리오 완료·권장 우선순위 10건 보고 | F57: 46223 | G57: 46223 | H57: 구영주 | I57: 완료 | J57: QA_REPORT.md
B58: 대시보드 | C58: 이탈 위젯 | D58: 지점 이탈율 위젯 | E58: gymChurn 등 이탈 집계 위젯 추가 | F58: 46224 | G58: 46225 | H58: 김현서 | I58: 완료
B59: B2C메뉴 | C59: B2C 페이지 | D59: 모바일 UI 정리 | E59: B2C 마이페이지 화면 정리 및 탭 구성 | F59: 46224 | G59: 46231 | H59: 조종현 | I59: 완료
B60: AI 비서 | C60: 챗 UI 개편 | D60: 드로어 AI 탭 + 플로팅 입력바 | E60: 팝업 폐기, 우측 통합 드로어 AI 탭 + 하단 플로팅 입력바(480px) 분리, 포커스 시 탭 열기 | F60: 46224 | G60: 46224 | H60: 구영주 | I60: 완료
B61: 공통/UI | C61: 디자인 시스템 v1 | D61: 공통 셸·컴포넌트 신설 | E61: 차콜 블랙+액션 오렌지 토큰, 좌측 LNB 셸·우측 통합 드로어·B2C 하단 탭바·공용 아이콘, 정산 요약 레일·위젯 칩, 인라인 색상 토큰화 | F61: 46224 | G61: 46224 | H61: 구영주 | I61: 완료 | J61: 49파일 +4,234줄
B62: 출석관리 | C62: PT 관리 | D62: PT 잔여횟수 차감 원장 | E62: h_pt_manage 사용횟수 기록 및 잔여횟수 파생 | F62: 46225 | G62: 46230 | H62: 송태현 | I62: 완료
B63: 계약 관리 | C63: 리스트 개편 | D63: 서버 페이징·검색 | E63: 서버 페이징 전환(10건 단위), 이름 칼럼 상대방 방향 수정, 역할별 탭(TRAINER 급여 탭), 트레이너 구하기 버튼 | F63: 46225 | G63: 46229 | H63: 구영주 | I63: 완료 | J63: 유형 필터·keyword 검색 조합
B64: 대시보드 | C64: 역할별 개편 | D64: OWNER 위젯 7종 개편 | E64: 총 회원 수·월 매출/지출·쿠폰 사용·만료 임박·오늘 출석·이탈 위험·이탈 추이, 위젯 클릭 이동 연결 | F64: 46225 | G64: 46225 | H64: 구영주 | I64: 완료 | J64: 신규 집계 API·테넌트 격리 강제
B65: AI 비서 | C65: UX 개선 | D65: 진행 문구·차트 카드 | E65: 단계별 진행 문구, 회원 이름 볼드 렌더, 세션 만료(토큰 기준), 차트 카드 템플릿(bar/list/gauge), 시스템 프롬프트 개정 | F65: 46225 | G65: 46225 | H65: 구영주 | I65: 완료
B66: 리포트 | C66: 리포트 | D66: 리포트 페이지·드로어 | E66: 이탈 리포트 화면 및 드로어 연동 | F66: 46226 | G66: 46226 | H66: 김현서 | I66: 완료
B67: 출석관리 | C67: PT 스케줄 | D67: 수업 예약·트레이너 확인 | E67: h_pt_schedule 등록 및 트레이너 확인 시 차감 | F67: 46226 | G67: 46230 | H67: 송태현 | I67: 완료
B68: 대시보드 | C68: 위젯 커스텀 | D68: 편집 모달·삭제형 칩 | E68: 위젯 편집 인라인 패널→모달 전환, 삭제형 칩 툴바, AI 영역(질문 카드+태스크 브리핑) 정합 | F68: 46226 | G68: 46226 | H68: 구영주 | I68: 완료
B69: 공통/UI | C69: 토큰 수렴 | D69: 하드코딩 색상 제거 | E69: 인라인 hex 81종/416회 → 0건 토큰 치환, 그레이 10단 재편, 시맨틱 토큰 신설 | F69: 46226 | G69: 46226 | H69: 구영주 | I69: 완료
B70: 프로모션 | C70: 모델 고도화 | D70: 모델 재학습·보정 | E70: 최종 예측 모델 반영 | F70: 46230 | G70: 46230 | H70: 김현서 | I70: 완료 | J70: 모델 분리(설문 수집용/비수집용)
B71: 정산관리 | C71: 쿼리 정리 | D71: 매퍼 최종 정리 | E71: 정산·결제·출석 매퍼 쿼리 정리 및 검증 | F71: 46230 | G71: 46230 | H71: 송태현 | I71: 완료
B72: 계약 관리 | C72: 상세 화면 정리 | D72: 상태 UI 제거·이력 재배치 | E72: 상태 흐름 칩 UI 제거, 갱신·연계 이력 테이블 최하단 이동, 리스트 정렬 기준 단일화 | F72: 46230 | G72: 46230 | H72: 구영주 | I72: 완료
B73: 공통/UI | C73: 디자인 V1.0 | D73: 전 화면 리스킨 | E73: 계약·정산·물품·대시보드·리포트·마이페이지·출석·AI 전 화면 리스킨, 페이지 헤더 통일 컴포넌트, 라운드·간격 스케일 확정, 컴포넌트별 CSS 분리 | F73: 46230 | G73: 46230 | H73: 구영주 | I73: 완료 | J73: 66파일 +5,962줄
B74: 계약 관리 | C74: 금액 단위 전환 | D74: amount 만원→원 단위 | E74: 기존 1,288행 ×10,000 마이그레이션(원 단위 기입 4건 제외), 표시 천 단위 구분자 | F74: 46231 | G74: 46231 | H74: 구영주 | I74: 완료 | J74: 결제 화면과 단위 정합
B75: 대시보드 | C75: 위젯 커스텀 | D75: 위젯 UX 마감 | E75: 순서 변경 ▲▼ 버튼→드래그 핸들 전환(방향키 대체 경로 포함), 월별 매출·지출 카드 통합(묶음 막대·편집 모달 행 통합), KPI 카드 높이 통일 | F75: 46231 | G75: 46231 | H75: 구영주 | I75: 완료 | J75: PR #54
B76: 공통/UI | C76: UI 최종 반영 | D76: 규격 통일·마감 | E76: 타이포 스케일 11종 개편(573건), 칩·페이지네이션 액센트 전환, 리스트 빈 상태·10행 고정 규격, 테이블 보더·배지 통일, 보더 굵기 토큰화, 정산 월 선택기·Button 공통 CSS | F76: 46231 | G76: 46231 | H76: 구영주 | I76: 완료 | J76: PR #53·#54, 82파일
B77: 계약 관리 | C77: 계약서 | D77: 물리적 서명 데이터 저장 | E77: 서명 이미지(S3 URL 또는 SVG) 백엔드 저장 | F77: 46231 | H77: 구영주 | I77: 대기 | J77: 미구현
B78: AI 비서 | C78: AI 비서 | D78: Phase 2 WRITE 도구·확인 카드 | E78: 결제·쿠폰발송·계약발행/서명 확인 카드 흐름(/ai/confirm) | F78: 46232 | H78: 구영주 | I78: 대기 | J78: 미구현
B79: 공통/UI | C79: 다크모드 | D79: 테마 토글 | E79: 전 화면 토큰 수렴 후 다크모드 활성화 | F79: 46232 | H79: 구영주 | I79: 대기 | J79: 미구현
B80: 구인구직 | C80: 트레이너 매칭 | D80: 트레이너 구하기 요청 | E80: OWNER 요청 및 ADMIN 소개 상태 저장 테이블 | F80: 46232 | G80: 46239 | H80: 송태현 | I80: 대기 | J80: 미구현
B81: 이탈방지 | C81: 이탈 방지 시스템 | D81: 교육 프로그램 제공 요청 | E81: 직원불만_불친절 이탈 방지 시스템 제공 | F81: 46232 | H81: 김현서 | I81: 대기 | J81: 미구현
B82: 이탈방지 | C82: 모델 재학습 프로그램 | D82: 모델 재학습 후 업데이트 | E82: 이탈율 예측 모델 업데이트 | F82: 46232 | H82: 김현서 | I82: 대기 | J82: 미구현

Sheet 담당자별 요약
B2: 담당자별 작업 요약
B4: 담당자 | C4: git 계정 | D4: 전체 | E4: 완료 | F4: 진행 중 | G4: 대기 | H4: 완료율
B5: 송태현 | C5: Taehyun-0502 | D5: =COUNTIF('개발 일정표'!$H$7:$H$80,$B5) -> 17 | E5: =COUNTIFS('개발 일정표'!$H$7:$H$80,$B5,'개발 일정표'!$I$7:$I$80,"완료") -> 16 | F5: =COUNTIFS('개발 일정표'!$H$7:$H$80,$B5,'개발 일정표'!$I$7:$I$80,"진행 중") -> 0 | G5: =COUNTIFS('개발 일정표'!$H$7:$H$80,$B5,'개발 일정표'!$I$7:$I$80,"대기") -> 1 | H5: =IF(D5=0,0,E5/D5) -> 0.94117647
B6: 조종현 | C6: Jonghyun / zxc159285-prog | D6: =COUNTIF('개발 일정표'!$H$7:$H$80,$B6) -> 14 | E6: =COUNTIFS('개발 일정표'!$H$7:$H$80,$B6,'개발 일정표'!$I$7:$I$80,"완료") -> 14 | F6: =COUNTIFS('개발 일정표'!$H$7:$H$80,$B6,'개발 일정표'!$I$7:$I$80,"진행 중") -> 0 | G6: =COUNTIFS('개발 일정표'!$H$7:$H$80,$B6,'개발 일정표'!$I$7:$I$80,"대기") -> 0 | H6: =IF(D6=0,0,E6/D6) -> 1
B7: 구영주 | C7: greyth93-ship-it | D7: =COUNTIF('개발 일정표'!$H$7:$H$80,$B7) -> 33 | E7: =COUNTIFS('개발 일정표'!$H$7:$H$80,$B7,'개발 일정표'!$I$7:$I$80,"완료") -> 30 | F7: =COUNTIFS('개발 일정표'!$H$7:$H$80,$B7,'개발 일정표'!$I$7:$I$80,"진행 중") -> 0 | G7: =COUNTIFS('개발 일정표'!$H$7:$H$80,$B7,'개발 일정표'!$I$7:$I$80,"대기") -> 3 | H7: =IF(D7=0,0,E7/D7) -> 0.90909091
B8: 김현서 | C8: hyunseo0504 (HS) | D8: =COUNTIF('개발 일정표'!$H$7:$H$80,$B8) -> 10 | E8: =COUNTIFS('개발 일정표'!$H$7:$H$80,$B8,'개발 일정표'!$I$7:$I$80,"완료") -> 10 | F8: =COUNTIFS('개발 일정표'!$H$7:$H$80,$B8,'개발 일정표'!$I$7:$I$80,"진행 중") -> 0 | G8: =COUNTIFS('개발 일정표'!$H$7:$H$80,$B8,'개발 일정표'!$I$7:$I$80,"대기") -> 0 | H8: =IF(D8=0,0,E8/D8) -> 1
B9: 합계 | D9: =SUM(D5:D8) -> 74 | E9: =SUM(E5:E8) -> 70 | F9: =SUM(F5:F8) -> 0 | G9: =SUM(G5:G8) -> 4 | H9: =IF(D9=0,0,E9/D9) -> 0.94594595
B11: ※ 일정·담당자는 health_Project git 커밋 이력(2026-06-29 ~ 2026-07-28) 기준으로 산출했습니다. '대기' 항목은 CLAUDE.md 구현 현황의 미구현 항목이며 종료일은 예상치입니다.
